insert into dbax_info_defi (codi_empr, codi_emex, codi_info, orde_info, indi_eeff, indi_patr, info_taxo, indi_vige, tipo_info) values ('0','0', 'pre_cl-cs_eeff_role-600000(2012)', '0001#0001#600000', 'S', '0', 'S','0','D')

insert into dbax_dime_defi (codi_dein, codi_dime, pref_dime, codi_fcdi, letr_dime, role_uri) values ('pre_cl-cs_eeff_role-600000(2012)', 'EstadoCambiosEnPatrimonioTabla', 'cl-cs', 'ANT', '', null)

insert into dbax_dime_conc (codi_dein, codi_conc, pref_conc, orde_conc, codi_dime, pref_dime, sald_ini) values ('pre_cl-cs_eeff_role-600000(2012)','PatrimonioPreviamenteReportado','cl-cs','20','EstadoCambiosEnPatrimonioTabla','cl-cs', NULL)
insert into dbax_dime_conc (codi_dein, codi_conc, pref_conc, orde_conc, codi_dime, pref_dime, sald_ini) values ('pre_cl-cs_eeff_role-600000(2012)','AjustesPatrimonioPeriodosAnteriores','cl-cs','21','EstadoCambiosEnPatrimonioTabla','cl-cs', NULL)
insert into dbax_dime_conc (codi_dein, codi_conc, pref_conc, orde_conc, codi_dime, pref_dime, sald_ini) values ('pre_cl-cs_eeff_role-600000(2012)','Patrimonio','cl-cs','22','EstadoCambiosEnPatrimonioTabla','cl-cs', NULL)
insert into dbax_dime_conc (codi_dein, codi_conc, pref_conc, orde_conc, codi_dime, pref_dime, sald_ini) values ('pre_cl-cs_eeff_role-600000(2012)','ResultadoIntegral','cl-cs','23','EstadoCambiosEnPatrimonioTabla','cl-cs', NULL)
insert into dbax_dime_conc (codi_dein, codi_conc, pref_conc, orde_conc, codi_dime, pref_dime, sald_ini) values ('pre_cl-cs_eeff_role-600000(2012)','ResultadoDelPeriodo','cl-cs','24','EstadoCambiosEnPatrimonioTabla','cl-cs', NULL)
insert into dbax_dime_conc (codi_dein, codi_conc, pref_conc, orde_conc, codi_dime, pref_dime, sald_ini) values ('pre_cl-cs_eeff_role-600000(2012)','IngresosGastosRegistradosConAbonoCargoPatrimonio','cl-cs','25','EstadoCambiosEnPatrimonioTabla','cl-cs', NULL)
insert into dbax_dime_conc (codi_dein, codi_conc, pref_conc, orde_conc, codi_dime, pref_dime, sald_ini) values ('pre_cl-cs_eeff_role-600000(2012)','ResultadoEvaluacionPropiedadesMueblesYEquipos','cl-cs','26','EstadoCambiosEnPatrimonioTabla','cl-cs', NULL)
insert into dbax_dime_conc (codi_dein, codi_conc, pref_conc, orde_conc, codi_dime, pref_dime, sald_ini) values ('pre_cl-cs_eeff_role-600000(2012)','ResultadoActivosFinancieros','cl-cs','27','EstadoCambiosEnPatrimonioTabla','cl-cs', NULL)
insert into dbax_dime_conc (codi_dein, codi_conc, pref_conc, orde_conc, codi_dime, pref_dime, sald_ini) values ('pre_cl-cs_eeff_role-600000(2012)','ResultadoCoberturasFlujoDeCaja','cl-cs','28','EstadoCambiosEnPatrimonioTabla','cl-cs', NULL)
insert into dbax_dime_conc (codi_dein, codi_conc, pref_conc, orde_conc, codi_dime, pref_dime, sald_ini) values ('pre_cl-cs_eeff_role-600000(2012)','OtrosResultadosConAjusteEnPatrimonio','cl-cs','29','EstadoCambiosEnPatrimonioTabla','cl-cs', NULL)
insert into dbax_dime_conc (codi_dein, codi_conc, pref_conc, orde_conc, codi_dime, pref_dime, sald_ini) values ('pre_cl-cs_eeff_role-600000(2012)','ImpuestoDiferido','cl-cs','30','EstadoCambiosEnPatrimonioTabla','cl-cs', NULL)
insert into dbax_dime_conc (codi_dein, codi_conc, pref_conc, orde_conc, codi_dime, pref_dime, sald_ini) values ('pre_cl-cs_eeff_role-600000(2012)','OtroResultadoIntegral','cl-cs','31','EstadoCambiosEnPatrimonioTabla','cl-cs', NULL)
insert into dbax_dime_conc (codi_dein, codi_conc, pref_conc, orde_conc, codi_dime, pref_dime, sald_ini) values ('pre_cl-cs_eeff_role-600000(2012)','TransferenciasAResultadosAcumulados','cl-cs','32','EstadoCambiosEnPatrimonioTabla','cl-cs', NULL)
insert into dbax_dime_conc (codi_dein, codi_conc, pref_conc, orde_conc, codi_dime, pref_dime, sald_ini) values ('pre_cl-cs_eeff_role-600000(2012)','OperacionesConAccionistas','cl-cs','33','EstadoCambiosEnPatrimonioTabla','cl-cs', NULL)
insert into dbax_dime_conc (codi_dein, codi_conc, pref_conc, orde_conc, codi_dime, pref_dime, sald_ini) values ('pre_cl-cs_eeff_role-600000(2012)','AumentoDisminucionCapital','cl-cs','34','EstadoCambiosEnPatrimonioTabla','cl-cs', NULL)
insert into dbax_dime_conc (codi_dein, codi_conc, pref_conc, orde_conc, codi_dime, pref_dime, sald_ini) values ('pre_cl-cs_eeff_role-600000(2012)','DistribucionDividendos','cl-cs','35','EstadoCambiosEnPatrimonioTabla','cl-cs', NULL)
insert into dbax_dime_conc (codi_dein, codi_conc, pref_conc, orde_conc, codi_dime, pref_dime, sald_ini) values ('pre_cl-cs_eeff_role-600000(2012)','OtrasOperacionesConAccionistas','cl-cs','36','EstadoCambiosEnPatrimonioTabla','cl-cs', NULL)
insert into dbax_dime_conc (codi_dein, codi_conc, pref_conc, orde_conc, codi_dime, pref_dime, sald_ini) values ('pre_cl-cs_eeff_role-600000(2012)','CambiosEnReservas','cl-cs','37','EstadoCambiosEnPatrimonioTabla','cl-cs', NULL)
insert into dbax_dime_conc (codi_dein, codi_conc, pref_conc, orde_conc, codi_dime, pref_dime, sald_ini) values ('pre_cl-cs_eeff_role-600000(2012)','TransferenciaDePatrimonioAResultado','cl-cs','38','EstadoCambiosEnPatrimonioTabla','cl-cs', NULL)
insert into dbax_dime_conc (codi_dein, codi_conc, pref_conc, orde_conc, codi_dime, pref_dime, sald_ini) values ('pre_cl-cs_eeff_role-600000(2012)','Patrimonio','cl-cs','39','EstadoCambiosEnPatrimonioTabla','cl-cs', NULL)

insert into dbax_dime_diax (codi_dime, pref_dime, codi_axis, pref_axis, orde_axis, codi_dein) values ('EstadoCambiosEnPatrimonioTabla','cl-cs', 'ComponentesDelPatrimonioEje','cl-cs',1,'pre_cl-cs_eeff_role-600000(2012)')


--miembros
Insert into dbax_dime_memb (codi_axis, pref_axis, codi_memb, pref_memb, orde_memb, tipo_memb) values ('ComponentesDelPatrimonioEje','cl-cs','CapitalPagadoMiembro','cl-cs',1000,'domain-member')
Insert into dbax_dime_memb (codi_axis, pref_axis, codi_memb, pref_memb, orde_memb, tipo_memb) values ('ComponentesDelPatrimonioEje','cl-cs','SobrePrecioAccionesMiembro','cl-cs',2000,'domain-member')
Insert into dbax_dime_memb (codi_axis, pref_axis, codi_memb, pref_memb, orde_memb, tipo_memb) values ('ComponentesDelPatrimonioEje','cl-cs','ReservaAjustePorCalceMiembro','cl-cs',3000,'domain-member')
Insert into dbax_dime_memb (codi_axis, pref_axis, codi_memb, pref_memb, orde_memb, tipo_memb) values ('ComponentesDelPatrimonioEje','cl-cs','ReservaDescalceSegurosCUIMiembro','cl-cs',4000,'domain-member')
Insert into dbax_dime_memb (codi_axis, pref_axis, codi_memb, pref_memb, orde_memb, tipo_memb) values ('ComponentesDelPatrimonioEje','cl-cs','OtrasReservasMiembro','cl-cs',5000,'domain-member')
Insert into dbax_dime_memb (codi_axis, pref_axis, codi_memb, pref_memb, orde_memb, tipo_memb) values ('ComponentesDelPatrimonioEje','cl-cs','ReservasMiembro','cl-cs',6000,'domain-member')
Insert into dbax_dime_memb (codi_axis, pref_axis, codi_memb, pref_memb, orde_memb, tipo_memb) values ('ComponentesDelPatrimonioEje','cl-cs','ResultadosAcumuladosPeriodosAnterioresMiembro','cl-cs',7000,'domain-member')
Insert into dbax_dime_memb (codi_axis, pref_axis, codi_memb, pref_memb, orde_memb, tipo_memb) values ('ComponentesDelPatrimonioEje','cl-cs','ResultadoDelPeriodoMiembro','cl-cs',8000,'domain-member')
Insert into dbax_dime_memb (codi_axis, pref_axis, codi_memb, pref_memb, orde_memb, tipo_memb) values ('ComponentesDelPatrimonioEje','cl-cs','ResultadosAcumuladosMiembro','cl-cs',9000,'domain-member')
Insert into dbax_dime_memb (codi_axis, pref_axis, codi_memb, pref_memb, orde_memb, tipo_memb) values ('ComponentesDelPatrimonioEje','cl-cs','ResultadoEvaluacionPropiedadesMueblesYEquipoMiembro','cl-cs',10000,'domain-member')
Insert into dbax_dime_memb (codi_axis, pref_axis, codi_memb, pref_memb, orde_memb, tipo_memb) values ('ComponentesDelPatrimonioEje','cl-cs','ResultadosActivosFinancierosMiembro','cl-cs',11000,'domain-member')
Insert into dbax_dime_memb (codi_axis, pref_axis, codi_memb, pref_memb, orde_memb, tipo_memb) values ('ComponentesDelPatrimonioEje','cl-cs','ResultadoCoberturasFlujoCajaMiembro','cl-cs',12000,'domain-member')
Insert into dbax_dime_memb (codi_axis, pref_axis, codi_memb, pref_memb, orde_memb, tipo_memb) values ('ComponentesDelPatrimonioEje','cl-cs','OtrosResultadosConAjusteEnPatrimonioMiembro','cl-cs',13000,'domain-member')
Insert into dbax_dime_memb (codi_axis, pref_axis, codi_memb, pref_memb, orde_memb, tipo_memb) values ('ComponentesDelPatrimonioEje','cl-cs','OtrosAjustesMiembro','cl-cs',14000,'domain-member')
Insert into dbax_dime_memb (codi_axis, pref_axis, codi_memb, pref_memb, orde_memb, tipo_memb) values ('ComponentesDelPatrimonioEje','cl-cs','PatrimonioMiembro','cl-cs',15000,'dimension-default')

insert into dbax_dime_tita (codi_dein, codi_dime, pref_dime, tipo_taxo) values ('pre_cl-cs_eeff_role-600000(2012)','EstadoCambiosEnPatrimonioTabla','cl-cs','SEGUROS')
insert into dbax_info_tita (codi_empr, codi_emex, codi_info, tipo_info, tipo_taxo) values ('0','0','pre_cl-cs_eeff_role-600000(2012)','D','SEGUROS')
------
insert into dbax_info_defi (codi_empr, codi_emex, codi_info, orde_info, indi_eeff, indi_patr, info_taxo, indi_vige, tipo_info) values ('0','0', 'pre_cl-cs_eeff_role-600000', '0001#0001#600000', 'S', '0', 'S','0','D')

insert into dbax_dime_defi (codi_dein, codi_dime, pref_dime, codi_fcdi, letr_dime, role_uri) values ('pre_cl-cs_eeff_role-600000', 'EstadoCambiosEnPatrimonioTabla', 'cl-cs', 'ANT', '', null)

insert into dbax_dime_conc (codi_dein, codi_conc, pref_conc, orde_conc, codi_dime, pref_dime, sald_ini) values ('pre_cl-cs_eeff_role-600000','PatrimonioPreviamenteReportado','cl-cs','20','EstadoCambiosEnPatrimonioTabla','cl-cs', NULL)
insert into dbax_dime_conc (codi_dein, codi_conc, pref_conc, orde_conc, codi_dime, pref_dime, sald_ini) values ('pre_cl-cs_eeff_role-600000','AjustesPatrimonioPeriodosAnteriores','cl-cs','21','EstadoCambiosEnPatrimonioTabla','cl-cs', NULL)
insert into dbax_dime_conc (codi_dein, codi_conc, pref_conc, orde_conc, codi_dime, pref_dime, sald_ini) values ('pre_cl-cs_eeff_role-600000','Patrimonio','cl-cs','22','EstadoCambiosEnPatrimonioTabla','cl-cs', NULL)
insert into dbax_dime_conc (codi_dein, codi_conc, pref_conc, orde_conc, codi_dime, pref_dime, sald_ini) values ('pre_cl-cs_eeff_role-600000','ResultadoIntegral','cl-cs','23','EstadoCambiosEnPatrimonioTabla','cl-cs', NULL)
insert into dbax_dime_conc (codi_dein, codi_conc, pref_conc, orde_conc, codi_dime, pref_dime, sald_ini) values ('pre_cl-cs_eeff_role-600000','ResultadoDelPeriodo','cl-cs','24','EstadoCambiosEnPatrimonioTabla','cl-cs', NULL)
insert into dbax_dime_conc (codi_dein, codi_conc, pref_conc, orde_conc, codi_dime, pref_dime, sald_ini) values ('pre_cl-cs_eeff_role-600000','IngresosGastosRegistradosConAbonoCargoPatrimonio','cl-cs','25','EstadoCambiosEnPatrimonioTabla','cl-cs', NULL)
insert into dbax_dime_conc (codi_dein, codi_conc, pref_conc, orde_conc, codi_dime, pref_dime, sald_ini) values ('pre_cl-cs_eeff_role-600000','ResultadoEvaluacionPropiedadesMueblesYEquipos','cl-cs','26','EstadoCambiosEnPatrimonioTabla','cl-cs', NULL)
insert into dbax_dime_conc (codi_dein, codi_conc, pref_conc, orde_conc, codi_dime, pref_dime, sald_ini) values ('pre_cl-cs_eeff_role-600000','ResultadoActivosFinancieros','cl-cs','27','EstadoCambiosEnPatrimonioTabla','cl-cs', NULL)
insert into dbax_dime_conc (codi_dein, codi_conc, pref_conc, orde_conc, codi_dime, pref_dime, sald_ini) values ('pre_cl-cs_eeff_role-600000','ResultadoCoberturasFlujoDeCaja','cl-cs','28','EstadoCambiosEnPatrimonioTabla','cl-cs', NULL)
insert into dbax_dime_conc (codi_dein, codi_conc, pref_conc, orde_conc, codi_dime, pref_dime, sald_ini) values ('pre_cl-cs_eeff_role-600000','OtrosResultadosConAjusteEnPatrimonio','cl-cs','29','EstadoCambiosEnPatrimonioTabla','cl-cs', NULL)
insert into dbax_dime_conc (codi_dein, codi_conc, pref_conc, orde_conc, codi_dime, pref_dime, sald_ini) values ('pre_cl-cs_eeff_role-600000','ImpuestoDiferido','cl-cs','30','EstadoCambiosEnPatrimonioTabla','cl-cs', NULL)
insert into dbax_dime_conc (codi_dein, codi_conc, pref_conc, orde_conc, codi_dime, pref_dime, sald_ini) values ('pre_cl-cs_eeff_role-600000','OtroResultadoIntegral','cl-cs','31','EstadoCambiosEnPatrimonioTabla','cl-cs', NULL)
insert into dbax_dime_conc (codi_dein, codi_conc, pref_conc, orde_conc, codi_dime, pref_dime, sald_ini) values ('pre_cl-cs_eeff_role-600000','TransferenciasAResultadosAcumulados','cl-cs','32','EstadoCambiosEnPatrimonioTabla','cl-cs', NULL)
insert into dbax_dime_conc (codi_dein, codi_conc, pref_conc, orde_conc, codi_dime, pref_dime, sald_ini) values ('pre_cl-cs_eeff_role-600000','OperacionesConAccionistas','cl-cs','33','EstadoCambiosEnPatrimonioTabla','cl-cs', NULL)
insert into dbax_dime_conc (codi_dein, codi_conc, pref_conc, orde_conc, codi_dime, pref_dime, sald_ini) values ('pre_cl-cs_eeff_role-600000','AumentoDisminucionCapital','cl-cs','34','EstadoCambiosEnPatrimonioTabla','cl-cs', NULL)
insert into dbax_dime_conc (codi_dein, codi_conc, pref_conc, orde_conc, codi_dime, pref_dime, sald_ini) values ('pre_cl-cs_eeff_role-600000','DistribucionDividendos','cl-cs','35','EstadoCambiosEnPatrimonioTabla','cl-cs', NULL)
insert into dbax_dime_conc (codi_dein, codi_conc, pref_conc, orde_conc, codi_dime, pref_dime, sald_ini) values ('pre_cl-cs_eeff_role-600000','OtrasOperacionesConAccionistas','cl-cs','36','EstadoCambiosEnPatrimonioTabla','cl-cs', NULL)
insert into dbax_dime_conc (codi_dein, codi_conc, pref_conc, orde_conc, codi_dime, pref_dime, sald_ini) values ('pre_cl-cs_eeff_role-600000','CambiosEnReservas','cl-cs','37','EstadoCambiosEnPatrimonioTabla','cl-cs', NULL)
insert into dbax_dime_conc (codi_dein, codi_conc, pref_conc, orde_conc, codi_dime, pref_dime, sald_ini) values ('pre_cl-cs_eeff_role-600000','TransferenciaDePatrimonioAResultado','cl-cs','38','EstadoCambiosEnPatrimonioTabla','cl-cs', NULL)
insert into dbax_dime_conc (codi_dein, codi_conc, pref_conc, orde_conc, codi_dime, pref_dime, sald_ini) values ('pre_cl-cs_eeff_role-600000','Patrimonio','cl-cs','39','EstadoCambiosEnPatrimonioTabla','cl-cs', NULL)

insert into dbax_dime_diax (codi_dime, pref_dime, codi_axis, pref_axis, orde_axis, codi_dein) values ('EstadoCambiosEnPatrimonioTabla','cl-cs', 'ComponentesDelPatrimonioEje','cl-cs',1,'pre_cl-cs_eeff_role-600000')


--miembros
Insert into dbax_dime_memb (codi_axis, pref_axis, codi_memb, pref_memb, orde_memb, tipo_memb) values ('ComponentesDelPatrimonioEje','cl-cs','CapitalPagadoMiembro','cl-cs',1000,'domain-member')
Insert into dbax_dime_memb (codi_axis, pref_axis, codi_memb, pref_memb, orde_memb, tipo_memb) values ('ComponentesDelPatrimonioEje','cl-cs','SobrePrecioAccionesMiembro','cl-cs',2000,'domain-member')
Insert into dbax_dime_memb (codi_axis, pref_axis, codi_memb, pref_memb, orde_memb, tipo_memb) values ('ComponentesDelPatrimonioEje','cl-cs','ReservaAjustePorCalceMiembro','cl-cs',3000,'domain-member')
Insert into dbax_dime_memb (codi_axis, pref_axis, codi_memb, pref_memb, orde_memb, tipo_memb) values ('ComponentesDelPatrimonioEje','cl-cs','ReservaDescalceSegurosCUIMiembro','cl-cs',4000,'domain-member')
Insert into dbax_dime_memb (codi_axis, pref_axis, codi_memb, pref_memb, orde_memb, tipo_memb) values ('ComponentesDelPatrimonioEje','cl-cs','OtrasReservasMiembro','cl-cs',5000,'domain-member')
Insert into dbax_dime_memb (codi_axis, pref_axis, codi_memb, pref_memb, orde_memb, tipo_memb) values ('ComponentesDelPatrimonioEje','cl-cs','ReservasMiembro','cl-cs',6000,'domain-member')
Insert into dbax_dime_memb (codi_axis, pref_axis, codi_memb, pref_memb, orde_memb, tipo_memb) values ('ComponentesDelPatrimonioEje','cl-cs','ResultadosAcumuladosPeriodosAnterioresMiembro','cl-cs',7000,'domain-member')
Insert into dbax_dime_memb (codi_axis, pref_axis, codi_memb, pref_memb, orde_memb, tipo_memb) values ('ComponentesDelPatrimonioEje','cl-cs','ResultadoDelPeriodoMiembro','cl-cs',8000,'domain-member')
Insert into dbax_dime_memb (codi_axis, pref_axis, codi_memb, pref_memb, orde_memb, tipo_memb) values ('ComponentesDelPatrimonioEje','cl-cs','ResultadosAcumuladosMiembro','cl-cs',9000,'domain-member')
Insert into dbax_dime_memb (codi_axis, pref_axis, codi_memb, pref_memb, orde_memb, tipo_memb) values ('ComponentesDelPatrimonioEje','cl-cs','ResultadoEvaluacionPropiedadesMueblesYEquipoMiembro','cl-cs',10000,'domain-member')
Insert into dbax_dime_memb (codi_axis, pref_axis, codi_memb, pref_memb, orde_memb, tipo_memb) values ('ComponentesDelPatrimonioEje','cl-cs','ResultadosActivosFinancierosMiembro','cl-cs',11000,'domain-member')
Insert into dbax_dime_memb (codi_axis, pref_axis, codi_memb, pref_memb, orde_memb, tipo_memb) values ('ComponentesDelPatrimonioEje','cl-cs','ResultadoCoberturasFlujoCajaMiembro','cl-cs',12000,'domain-member')
Insert into dbax_dime_memb (codi_axis, pref_axis, codi_memb, pref_memb, orde_memb, tipo_memb) values ('ComponentesDelPatrimonioEje','cl-cs','OtrosResultadosConAjusteEnPatrimonioMiembro','cl-cs',13000,'domain-member')
Insert into dbax_dime_memb (codi_axis, pref_axis, codi_memb, pref_memb, orde_memb, tipo_memb) values ('ComponentesDelPatrimonioEje','cl-cs','OtrosAjustesMiembro','cl-cs',14000,'domain-member')
Insert into dbax_dime_memb (codi_axis, pref_axis, codi_memb, pref_memb, orde_memb, tipo_memb) values ('ComponentesDelPatrimonioEje','cl-cs','PatrimonioMiembro','cl-cs',15000,'dimension-default')

insert into dbax_dime_tita (codi_dein, codi_dime, pref_dime, tipo_taxo) values ('pre_cl-cs_eeff_role-600000','EstadoCambiosEnPatrimonioTabla','cl-cs','SEGUROS')
insert into dbax_info_tita (codi_empr, codi_emex, codi_info, tipo_info, tipo_taxo) values ('0','0','pre_cl-cs_eeff_role-600000','D','SEGUROS')


